{"cameraMode":{"drawMode":0,"name":"Shaded","section":"Shading Mode"},"sceneLighting":true,"audioPlay":false,"sceneViewState":{"showFog":true,"showMaterialUpdate":false,"showSkybox":true,"showFlares":true,"showImageEffects":true,"showParticleSystems":true},"in2DMode":false,"pivot":{"x":31.851490020751954,"y":95.26055908203125,"z":92.65278625488281},"rotation":{"x":-0.39731365442276,"y":0.09634914249181748,"z":-0.04199071228504181,"w":-0.9116454124450684},"size":-7.8979597091674809,"orthographic":false}